{
    "loan_int_rate": {
        "low": [
            5.666886103229022,
            6.448794431284055,
            12.039459472686023
        ],
        "medium": [
            8.20583617996903,
            11.703601484794701,
            21.559702073855366
        ],
        "high": [
            15.319880317199678,
            22.989399549437675,
            23.0
        ]
    },
    "loan_percent_income": {
        "low": [
            0.0,
            0.08175733592075264,
            0.3018464158906938
        ],
        "medium": [
            0.2215676987307189,
            0.26921636019051065,
            0.40196259038616794
        ],
        "high": [
            0.35036491338270803,
            0.6808009602482823,
            0.7144540610942949
        ]
    },
    "cb_person_cred_hist_length": {
        "short": [
            5.528545493237092,
            6.503123598011401,
            7.528545493237092
        ],
        "medium": [
            2.389037590433763,
            8.867979174516325,
            13.564652850562553
        ],
        "long": [
            15.896216140575552,
            28.887365093072525,
            30.0
        ]
    }
}