{
    "loan_int_rate": {
        "low": [
            5.020118481691013,
            5.9527202716595955,
            13.07710775161032
        ],
        "medium": [
            9.165196084434019,
            12.051940123806652,
            17.814110075891612
        ],
        "high": [
            14.777171301126838,
            21.57599324393771,
            22.260581560476112
        ]
    },
    "loan_percent_income": {
        "low": [
            0.0003125801373930118,
            0.06893604971492623,
            0.3000615617374127
        ],
        "medium": [
            0.23841857451726797,
            0.3047623759341968,
            0.5314817027141095
        ],
        "high": [
            0.305631262324612,
            0.8079853824880561,
            0.8228551086814686
        ]
    },
    "cb_person_cred_hist_length": {
        "short": [
            2.0935017422670796,
            2.8242572137570487,
            6.153570452202741
        ],
        "medium": [
            2.796910705390059,
            7.782224867404512,
            17.961302451033166
        ],
        "long": [
            12.510208522260225,
            28.050334892915654,
            29.64535006041409
        ]
    }
}